"id42_0000.mp4","REAL"
"id43_0003.mp4","REAL"
"id46_0002.mp4","REAL"
"id47_0003.mp4","REAL"
"id51_0009.mp4","REAL"
"id53_0006.mp4","REAL"
"id56_0005.mp4","REAL"
"id26_0005.mp4","REAL"
"id1_0002.mp4","REAL"
"id1_0006.mp4","REAL"
"id2_0002.mp4","REAL"
"id3_0005.mp4","REAL"
"id5_0004.mp4","REAL"
"id7_0003.mp4","REAL"
"id7_0008.mp4","REAL"
"id8_0006.mp4","REAL"
"id16_0011.mp4","REAL"
"id20_0002.mp4","REAL"
"id21_0001.mp4","REAL"
"id21_0008.mp4","REAL"
"id22_0001.mp4","REAL"
"id24_0003.mp4","REAL"
"id25_0003.mp4","REAL"
"id25_0004.mp4","REAL"
"id26_0002.mp4","REAL"
"id29_0009.mp4","REAL"
"id31_0004.mp4","REAL"
"id32_0009.mp4","REAL"
"id35_0006.mp4","REAL"
"id36_0002.mp4","REAL"
"id37_0005.mp4","REAL"
"id37_0006.mp4","REAL"
"id38_0008.mp4","REAL"
"id40_0000.mp4","REAL"
"id49_0003.mp4","REAL"
"id49_0004.mp4","REAL"
"id50_0004.mp4","REAL"
"id50_0007.mp4","REAL"
"id54_0005.mp4","REAL"
"id55_0001.mp4","REAL"
"id56_0002.mp4","REAL"
"id56_0003.mp4","REAL"
"id56_0008.mp4","REAL"
"id58_0005.mp4","REAL"
"id59_0009.mp4","REAL"
"id60_0008.mp4","REAL"
"id61_0002.mp4","REAL"
"id0_0004.mp4","REAL"
"id2_0001.mp4","REAL"
"id2_0005.mp4","REAL"
"id2_0007.mp4","REAL"
"id3_0000.mp4","REAL"
"id3_0001.mp4","REAL"
"id4_0009.mp4","REAL"
"id5_0007.mp4","REAL"
"id7_0009.mp4","REAL"
"id8_0000.mp4","REAL"
"id9_0009.mp4","REAL"
"id11_0009.mp4","REAL"
"id13_0000.mp4","REAL"
"id13_0008.mp4","REAL"
"id13_0010.mp4","REAL"
"id21_0003.mp4","REAL"
"id24_0005.mp4","REAL"
"id25_0002.mp4","REAL"
"id26_0007.mp4","REAL"
"id27_0001.mp4","REAL"
"id31_0009.mp4","REAL"
"id34_0003.mp4","REAL"
"id35_0001.mp4","REAL"
"id36_0006.mp4","REAL"
"id38_0005.mp4","REAL"
"id39_0007.mp4","REAL"
"id40_0003.mp4","REAL"
"id40_0007.mp4","REAL"
"id41_0007.mp4","REAL"
"id42_0002.mp4","REAL"
"id53_0008.mp4","REAL"
"id54_0008.mp4","REAL"
"id55_0009.mp4","REAL"
"id56_0004.mp4","REAL"
"id58_0006.mp4","REAL"
"id59_0007.mp4","REAL"
"id60_0003.mp4","REAL"
"id60_0004.mp4","REAL"
"id0_0000.mp4","REAL"
"id0_0007.mp4","REAL"
"id4_0000.mp4","REAL"
"id5_0003.mp4","REAL"
"id5_0009.mp4","REAL"
"id7_0005.mp4","REAL"
"id9_0006.mp4","REAL"
"id12_0002.mp4","REAL"
"id13_0001.mp4","REAL"
"id13_0004.mp4","REAL"
"id13_0005.mp4","REAL"
"id13_0012.mp4","REAL"
"id19_0004.mp4","REAL"
"id21_0006.mp4","REAL"
"id22_0006.mp4","REAL"
"id23_0000.mp4","REAL"
"id24_0001.mp4","REAL"
"id25_0000.mp4","REAL"
"id25_0001.mp4","REAL"
"id29_0004.mp4","REAL"
"id30_0001.mp4","REAL"
"id31_0003.mp4","REAL"
"id32_0007.mp4","REAL"
"id33_0007.mp4","REAL"
"id37_0003.mp4","REAL"
"id39_0000.mp4","REAL"
"id39_0001.mp4","REAL"
"id40_0001.mp4","REAL"
"id41_0005.mp4","REAL"
"id42_0001.mp4","REAL"
"id46_0008.mp4","REAL"
"id47_0005.mp4","REAL"
"id52_0004.mp4","REAL"
"id52_0005.mp4","REAL"
"id54_0000.mp4","REAL"
"id57_0008.mp4","REAL"
"id59_0004.mp4","REAL"
"id60_0006.mp4","REAL"
"id61_0001.mp4","REAL"
"id0_0005.mp4","REAL"
"id3_0007.mp4","REAL"
"id4_0004.mp4","REAL"
"id5_0002.mp4","REAL"
"id5_0008.mp4","REAL"
"id6_0002.mp4","REAL"
"id6_0003.mp4","REAL"
"id6_0005.mp4","REAL"
"id7_0001.mp4","REAL"
"id8_0001.mp4","REAL"
"id8_0003.mp4","REAL"
"id12_0001.mp4","REAL"
"id13_0009.mp4","REAL"
"id16_0002.mp4","REAL"
"id16_0003.mp4","REAL"
"id19_0001.mp4","REAL"
"id19_0007.mp4","REAL"
"id21_0004.mp4","REAL"
"id21_0007.mp4","REAL"
"id23_0002.mp4","REAL"
"id23_0008.mp4","REAL"
"id27_0006.mp4","REAL"
"id28_0001.mp4","REAL"
"id30_0002.mp4","REAL"
"id35_0008.mp4","REAL"
"id37_0007.mp4","REAL"
"id40_0002.mp4","REAL"
"id41_0006.mp4","REAL"
"id44_0002.mp4","REAL"
"id44_0003.mp4","REAL"
"id46_0001.mp4","REAL"
"id47_0008.mp4","REAL"
"id48_0000.mp4","REAL"
"id48_0005.mp4","REAL"
"id49_0008.mp4","REAL"
"id51_0000.mp4","REAL"
"id51_0001.mp4","REAL"
"id58_0007.mp4","REAL"
"id1_0007.mp4","REAL"
"id7_0004.mp4","REAL"
"id8_0005.mp4","REAL"
"id13_0014.mp4","REAL"
"id16_0006.mp4","REAL"
"id17_0004.mp4","REAL"
"id20_0009.mp4","REAL"
"id22_0000.mp4","REAL"
"id22_0009.mp4","REAL"
"id25_0010.mp4","REAL"
"id27_0000.mp4","REAL"
"id27_0008.mp4","REAL"
"id30_0006.mp4","REAL"
"id30_0008.mp4","REAL"
"id31_0006.mp4","REAL"
"id32_0000.mp4","REAL"
"id34_0002.mp4","REAL"
"id34_0008.mp4","REAL"
"id35_0000.mp4","REAL"
"id35_0003.mp4","REAL"
"id35_0004.mp4","REAL"
"id35_0005.mp4","REAL"
"id35_0009.mp4","REAL"
"id37_0000.mp4","REAL"
"id40_0004.mp4","REAL"
"id42_0004.mp4","REAL"
"id43_0009.mp4","REAL"
"id44_0000.mp4","REAL"
"id45_0000.mp4","REAL"
"id45_0008.mp4","REAL"
"id46_0000.mp4","REAL"
"id48_0004.mp4","REAL"
"id48_0006.mp4","REAL"
"id50_0001.mp4","REAL"
"id50_0002.mp4","REAL"
"id51_0004.mp4","REAL"
"id57_0002.mp4","REAL"
"id57_0007.mp4","REAL"
"id59_0006.mp4","REAL"
"id0_0002.mp4","REAL"
"id7_0002.mp4","REAL"
"id7_0006.mp4","REAL"
"id9_0007.mp4","REAL"
"id10_0003.mp4","REAL"
"id10_0007.mp4","REAL"
"id11_0010.mp4","REAL"
"id12_0005.mp4","REAL"
"id13_0011.mp4","REAL"
"id13_0013.mp4","REAL"
"id17_0005.mp4","REAL"
"id19_0006.mp4","REAL"
"id24_0002.mp4","REAL"
"id25_0006.mp4","REAL"
"id26_0004.mp4","REAL"
"id26_0009.mp4","REAL"
"id27_0003.mp4","REAL"
"id28_0002.mp4","REAL"
"id29_0005.mp4","REAL"
"id31_0008.mp4","REAL"
"id32_0002.mp4","REAL"
"id36_0001.mp4","REAL"
"id36_0008.mp4","REAL"
"id37_0002.mp4","REAL"
"id38_0003.mp4","REAL"
"id39_0004.mp4","REAL"
"id40_0008.mp4","REAL"
"id42_0003.mp4","REAL"
"id43_0007.mp4","REAL"
"id44_0004.mp4","REAL"
"id47_0000.mp4","REAL"
"id55_0006.mp4","REAL"
"id57_0000.mp4","REAL"
"id58_0001.mp4","REAL"
"id58_0002.mp4","REAL"
"id59_0001.mp4","REAL"
"id59_0005.mp4","REAL"
"id60_0000.mp4","REAL"
"id1_0001.mp4","REAL"
"id1_0003.mp4","REAL"
"id2_0009.mp4","REAL"
"id3_0004.mp4","REAL"
"id3_0006.mp4","REAL"
"id3_0009.mp4","REAL"
"id5_0001.mp4","REAL"
"id6_0001.mp4","REAL"
"id8_0009.mp4","REAL"
"id9_0003.mp4","REAL"
"id10_0002.mp4","REAL"
"id10_0006.mp4","REAL"
"id17_0001.mp4","REAL"
"id19_0009.mp4","REAL"
"id22_0003.mp4","REAL"
"id25_0009.mp4","REAL"
"id27_0002.mp4","REAL"
"id27_0004.mp4","REAL"
"id28_0009.mp4","REAL"
"id31_0007.mp4","REAL"
"id32_0006.mp4","REAL"
"id33_0000.mp4","REAL"
"id36_0007.mp4","REAL"
"id38_0007.mp4","REAL"
"id41_0002.mp4","REAL"
"id46_0005.mp4","REAL"
"id47_0001.mp4","REAL"
"id48_0001.mp4","REAL"
"id48_0007.mp4","REAL"
"id49_0002.mp4","REAL"
"id51_0003.mp4","REAL"
"id52_0002.mp4","REAL"
"id53_0001.mp4","REAL"
"id54_0002.mp4","REAL"
"id54_0003.mp4","REAL"
"id59_0008.mp4","REAL"
"id60_0007.mp4","REAL"
"id61_0003.mp4","REAL"
"id61_0006.mp4","REAL"
"id0_0006.mp4","REAL"
"id1_0000.mp4","REAL"
"id2_0008.mp4","REAL"
"id3_0003.mp4","REAL"
"id6_0004.mp4","REAL"
"id8_0007.mp4","REAL"
"id9_0002.mp4","REAL"
"id9_0008.mp4","REAL"
"id16_0004.mp4","REAL"
"id16_0013.mp4","REAL"
"id17_0003.mp4","REAL"
"id19_0003.mp4","REAL"
"id19_0005.mp4","REAL"
"id20_0008.mp4","REAL"
"id22_0004.mp4","REAL"
"id23_0001.mp4","REAL"
"id26_0000.mp4","REAL"
"id28_0003.mp4","REAL"
"id28_0006.mp4","REAL"
"id28_0007.mp4","REAL"
"id34_0001.mp4","REAL"
"id34_0009.mp4","REAL"
"id35_0007.mp4","REAL"
"id40_0009.mp4","REAL"
"id45_0002.mp4","REAL"
"id47_0009.mp4","REAL"
"id49_0006.mp4","REAL"
"id49_0007.mp4","REAL"
"id51_0005.mp4","REAL"
"id52_0008.mp4","REAL"
"id52_0009.mp4","REAL"
"id55_0000.mp4","REAL"
"id55_0002.mp4","REAL"
"id56_0000.mp4","REAL"
"id57_0003.mp4","REAL"
"id57_0004.mp4","REAL"
"id58_0000.mp4","REAL"
"id60_0001.mp4","REAL"
"id4_0001.mp4","REAL"
"id4_0003.mp4","REAL"
"id9_0001.mp4","REAL"
"id10_0008.mp4","REAL"
"id11_0002.mp4","REAL"
"id11_0007.mp4","REAL"
"id13_0002.mp4","REAL"
"id16_0008.mp4","REAL"
"id17_0008.mp4","REAL"
"id21_0000.mp4","REAL"
"id23_0003.mp4","REAL"
"id24_0004.mp4","REAL"
"id26_0001.mp4","REAL"
"id26_0008.mp4","REAL"
"id29_0006.mp4","REAL"
"id30_0003.mp4","REAL"
"id33_0004.mp4","REAL"
"id33_0005.mp4","REAL"
"id33_0008.mp4","REAL"
"id36_0000.mp4","REAL"
"id36_0003.mp4","REAL"
"id36_0009.mp4","REAL"
"id39_0002.mp4","REAL"
"id41_0001.mp4","REAL"
"id43_0002.mp4","REAL"
"id43_0005.mp4","REAL"
"id47_0004.mp4","REAL"
"id51_0006.mp4","REAL"
"id51_0007.mp4","REAL"
"id51_0008.mp4","REAL"
"id53_0005.mp4","REAL"
"id54_0004.mp4","REAL"
"id54_0006.mp4","REAL"
"id55_0005.mp4","REAL"
"id56_0009.mp4","REAL"
"id58_0009.mp4","REAL"
"id61_0000.mp4","REAL"
"id61_0005.mp4","REAL"
"id61_0008.mp4","REAL"
"id2_0004.mp4","REAL"
"id2_0006.mp4","REAL"
"id6_0007.mp4","REAL"
"id10_0000.mp4","REAL"
"id10_0005.mp4","REAL"
"id11_0004.mp4","REAL"
"id12_0000.mp4","REAL"
"id16_0001.mp4","REAL"
"id16_0012.mp4","REAL"
"id19_0002.mp4","REAL"
"id21_0005.mp4","REAL"
"id22_0008.mp4","REAL"
"id23_0006.mp4","REAL"
"id24_0008.mp4","REAL"
"id25_0005.mp4","REAL"
"id26_0006.mp4","REAL"
"id27_0007.mp4","REAL"
"id29_0002.mp4","REAL"
"id30_0000.mp4","REAL"
"id30_0005.mp4","REAL"
"id32_0001.mp4","REAL"
"id32_0004.mp4","REAL"
"id32_0008.mp4","REAL"
"id33_0001.mp4","REAL"
"id33_0003.mp4","REAL"
"id34_0005.mp4","REAL"
"id41_0003.mp4","REAL"
"id45_0007.mp4","REAL"
"id46_0003.mp4","REAL"
"id47_0002.mp4","REAL"
"id49_0001.mp4","REAL"
"id50_0003.mp4","REAL"
"id52_0007.mp4","REAL"
"id53_0003.mp4","REAL"
"id53_0009.mp4","REAL"
"id56_0001.mp4","REAL"
"id57_0006.mp4","REAL"
"id59_0000.mp4","REAL"
"id61_0009.mp4","REAL"
"id0_0008.mp4","REAL"
"id1_0004.mp4","REAL"
"id1_0005.mp4","REAL"
"id1_0009.mp4","REAL"
"id3_0002.mp4","REAL"
"id9_0005.mp4","REAL"
"id11_0000.mp4","REAL"
"id11_0001.mp4","REAL"
"id13_0007.mp4","REAL"
"id16_0007.mp4","REAL"
"id20_0004.mp4","REAL"
"id20_0006.mp4","REAL"
"id21_0002.mp4","REAL"
"id23_0004.mp4","REAL"
"id24_0007.mp4","REAL"
"id24_0009.mp4","REAL"
"id28_0004.mp4","REAL"
"id30_0004.mp4","REAL"
"id33_0002.mp4","REAL"
"id34_0000.mp4","REAL"
"id34_0007.mp4","REAL"
"id35_0002.mp4","REAL"
"id36_0004.mp4","REAL"
"id37_0009.mp4","REAL"
"id38_0000.mp4","REAL"
"id38_0009.mp4","REAL"
"id39_0003.mp4","REAL"
"id39_0006.mp4","REAL"
"id43_0000.mp4","REAL"
"id45_0003.mp4","REAL"
"id45_0006.mp4","REAL"
"id45_0009.mp4","REAL"
"id46_0006.mp4","REAL"
"id51_0002.mp4","REAL"
"id53_0002.mp4","REAL"
"id58_0004.mp4","REAL"
"id61_0004.mp4","REAL"
"id3_0008.mp4","REAL"
"id5_0006.mp4","REAL"
"id8_0004.mp4","REAL"
"id12_0003.mp4","REAL"
"id12_0004.mp4","REAL"
"id12_0006.mp4","REAL"
"id16_0009.mp4","REAL"
"id17_0002.mp4","REAL"
"id20_0000.mp4","REAL"
"id20_0001.mp4","REAL"
"id21_0009.mp4","REAL"
"id22_0005.mp4","REAL"
"id26_0003.mp4","REAL"
"id27_0009.mp4","REAL"
"id28_0008.mp4","REAL"
"id29_0007.mp4","REAL"
"id31_0002.mp4","REAL"
"id32_0005.mp4","REAL"
"id33_0009.mp4","REAL"
"id38_0002.mp4","REAL"
"id38_0006.mp4","REAL"
"id39_0008.mp4","REAL"
"id39_0009.mp4","REAL"
"id44_0001.mp4","REAL"
"id45_0004.mp4","REAL"
"id48_0002.mp4","REAL"
"id49_0005.mp4","REAL"
"id50_0009.mp4","REAL"
"id52_0001.mp4","REAL"
"id52_0003.mp4","REAL"
"id53_0000.mp4","REAL"
"id53_0007.mp4","REAL"
"id54_0001.mp4","REAL"
"id55_0003.mp4","REAL"
"id56_0006.mp4","REAL"
"id59_0003.mp4","REAL"
"id60_0002.mp4","REAL"
"id60_0005.mp4","REAL"
"id0_0003.mp4","REAL"
"id4_0002.mp4","REAL"
"id4_0006.mp4","REAL"
"id6_0000.mp4","REAL"
"id6_0008.mp4","REAL"
"id6_0009.mp4","REAL"
"id8_0002.mp4","REAL"
"id9_0004.mp4","REAL"
"id16_0000.mp4","REAL"
"id16_0005.mp4","REAL"
"id16_0010.mp4","REAL"
"id17_0007.mp4","REAL"
"id20_0007.mp4","REAL"
"id22_0002.mp4","REAL"
"id24_0000.mp4","REAL"
"id28_0000.mp4","REAL"
"id28_0005.mp4","REAL"
"id29_0003.mp4","REAL"
"id30_0007.mp4","REAL"
"id30_0009.mp4","REAL"
"id31_0005.mp4","REAL"
"id34_0004.mp4","REAL"
"id37_0004.mp4","REAL"
"id38_0001.mp4","REAL"
"id39_0005.mp4","REAL"
"id43_0001.mp4","REAL"
"id43_0004.mp4","REAL"
"id44_0005.mp4","REAL"
"id46_0009.mp4","REAL"
"id47_0006.mp4","REAL"
"id47_0007.mp4","REAL"
"id48_0008.mp4","REAL"
"id50_0006.mp4","REAL"
"id52_0006.mp4","REAL"
"id53_0004.mp4","REAL"
"id57_0001.mp4","REAL"
"id60_0009.mp4","REAL"
"id0_0001.mp4","REAL"
"id6_0006.mp4","REAL"
"id7_0000.mp4","REAL"
"id8_0008.mp4","REAL"
"id10_0009.mp4","REAL"
"id13_0006.mp4","REAL"
"id20_0005.mp4","REAL"
"id23_0005.mp4","REAL"
"id23_0007.mp4","REAL"
"id24_0006.mp4","REAL"
"id29_0000.mp4","REAL"
"id29_0001.mp4","REAL"
"id29_0008.mp4","REAL"
"id31_0001.mp4","REAL"
"id32_0003.mp4","REAL"
"id33_0006.mp4","REAL"
"id34_0006.mp4","REAL"
"id37_0001.mp4","REAL"
"id37_0008.mp4","REAL"
"id40_0005.mp4","REAL"
"id40_0006.mp4","REAL"
"id41_0004.mp4","REAL"
"id43_0006.mp4","REAL"
"id43_0008.mp4","REAL"
"id45_0001.mp4","REAL"
"id48_0003.mp4","REAL"
"id48_0009.mp4","REAL"
"id49_0009.mp4","REAL"
"id50_0008.mp4","REAL"
"id54_0009.mp4","REAL"
"id55_0007.mp4","REAL"
"id55_0008.mp4","REAL"
"id57_0005.mp4","REAL"
"id61_0007.mp4","REAL"
"id0_0009.mp4","REAL"
"id1_0008.mp4","REAL"
"id2_0000.mp4","REAL"
"id2_0003.mp4","REAL"
"id4_0005.mp4","REAL"
"id4_0008.mp4","REAL"
"id5_0000.mp4","REAL"
"id7_0007.mp4","REAL"
"id9_0000.mp4","REAL"
"id10_0004.mp4","REAL"
"id11_0005.mp4","REAL"
"id11_0006.mp4","REAL"
"id11_0008.mp4","REAL"
"id13_0003.mp4","REAL"
"id13_0015.mp4","REAL"
"id17_0006.mp4","REAL"
"id19_0000.mp4","REAL"
"id20_0003.mp4","REAL"
"id31_0000.mp4","REAL"
"id41_0000.mp4","REAL"
"id45_0005.mp4","REAL"
"id46_0004.mp4","REAL"
"id46_0007.mp4","REAL"
"id49_0000.mp4","REAL"
"id50_0000.mp4","REAL"
"id50_0005.mp4","REAL"
"id52_0000.mp4","REAL"
"id54_0007.mp4","REAL"
"id55_0004.mp4","REAL"
"id56_0007.mp4","REAL"
"id57_0009.mp4","REAL"
"id58_0003.mp4","REAL"
"id58_0008.mp4","REAL"
"id59_0002.mp4","REAL"
"id4_0007.mp4","REAL"
"id5_0005.mp4","REAL"
"id11_0003.mp4","REAL"
"id17_0000.mp4","REAL"
"id17_0009.mp4","REAL"
"id19_0008.mp4","REAL"
"id22_0007.mp4","REAL"
"id23_0009.mp4","REAL"
"id25_0007.mp4","REAL"
"id25_0008.mp4","REAL"
"id36_0005.mp4","REAL"
"id38_0004.mp4","REAL"
"id41_0008.mp4","REAL"
"id41_0009.mp4","REAL"
"id0_id17_0001.mp4","FAKE"
"id0_id16_0008.mp4","FAKE"
"id0_id16_0001.mp4","FAKE"
"id0_id16_0000.mp4","FAKE"
"id0_id9_0002.mp4","FAKE"
"id0_id4_0006.mp4","FAKE"
"id0_id2_0005.mp4","FAKE"
"id0_id1_0005.mp4","FAKE"
"id61_id60_0009.mp4","FAKE"
"id61_id60_0006.mp4","FAKE"
"id61_id60_0005.mp4","FAKE"
"id61_id60_0002.mp4","FAKE"
"id61_id60_0000.mp4","FAKE"
"id61_id59_0006.mp4","FAKE"
"id61_id5_0009.mp4","FAKE"
"id61_id5_0006.mp4","FAKE"
"id61_id5_0005.mp4","FAKE"
"id61_id5_0000.mp4","FAKE"
"id60_id61_0008.mp4","FAKE"
"id60_id61_0006.mp4","FAKE"
"id60_id61_0005.mp4","FAKE"
"id60_id61_0003.mp4","FAKE"
"id60_id61_0000.mp4","FAKE"
"id60_id59_0004.mp4","FAKE"
"id60_id5_0008.mp4","FAKE"
"id60_id5_0006.mp4","FAKE"
"id60_id5_0004.mp4","FAKE"
"id60_id5_0000.mp4","FAKE"
"id59_id61_0007.mp4","FAKE"
"id59_id61_0005.mp4","FAKE"
"id59_id61_0000.mp4","FAKE"
"id59_id60_0006.mp4","FAKE"
"id59_id60_0005.mp4","FAKE"
"id59_id60_0000.mp4","FAKE"
"id59_id5_0006.mp4","FAKE"
"id59_id5_0005.mp4","FAKE"
"id59_id5_0001.mp4","FAKE"
"id59_id5_0000.mp4","FAKE"
"id58_id57_0006.mp4","FAKE"
"id58_id55_0008.mp4","FAKE"
"id58_id55_0007.mp4","FAKE"
"id58_id55_0005.mp4","FAKE"
"id58_id55_0002.mp4","FAKE"
"id58_id54_0002.mp4","FAKE"
"id58_id52_0004.mp4","FAKE"
"id58_id51_0007.mp4","FAKE"
"id58_id51_0004.mp4","FAKE"
"id58_id49_0002.mp4","FAKE"
"id57_id58_0004.mp4","FAKE"
"id57_id58_0000.mp4","FAKE"
"id57_id56_0004.mp4","FAKE"
"id57_id55_0007.mp4","FAKE"
"id57_id55_0001.mp4","FAKE"
"id57_id55_0000.mp4","FAKE"
"id57_id54_0007.mp4","FAKE"
"id57_id53_0003.mp4","FAKE"
"id57_id52_0003.mp4","FAKE"
"id57_id50_0000.mp4","FAKE"
"id56_id58_0000.mp4","FAKE"
"id56_id55_0009.mp4","FAKE"
"id56_id55_0008.mp4","FAKE"
"id56_id54_0008.mp4","FAKE"
"id56_id52_0003.mp4","FAKE"
"id56_id52_0001.mp4","FAKE"
"id56_id52_0000.mp4","FAKE"
"id56_id51_0001.mp4","FAKE"
"id56_id50_0002.mp4","FAKE"
"id56_id49_0006.mp4","FAKE"
"id55_id58_0008.mp4","FAKE"
"id55_id57_0001.mp4","FAKE"
"id55_id56_0002.mp4","FAKE"
"id55_id53_0007.mp4","FAKE"
"id55_id52_0007.mp4","FAKE"
"id55_id52_0005.mp4","FAKE"
"id55_id51_0009.mp4","FAKE"
"id55_id51_0000.mp4","FAKE"
"id55_id50_0001.mp4","FAKE"
"id55_id49_0009.mp4","FAKE"
"id54_id58_0007.mp4","FAKE"
"id54_id58_0001.mp4","FAKE"
"id54_id57_0004.mp4","FAKE"
"id54_id55_0005.mp4","FAKE"
"id54_id51_0008.mp4","FAKE"
"id54_id50_0004.mp4","FAKE"
"id54_id49_0007.mp4","FAKE"
"id54_id49_0004.mp4","FAKE"
"id54_id49_0003.mp4","FAKE"
"id54_id49_0000.mp4","FAKE"
"id53_id56_0008.mp4","FAKE"
"id53_id56_0003.mp4","FAKE"
"id53_id55_0005.mp4","FAKE"
"id53_id55_0002.mp4","FAKE"
"id53_id54_0000.mp4","FAKE"
"id53_id52_0007.mp4","FAKE"
"id53_id51_0000.mp4","FAKE"
"id53_id50_0007.mp4","FAKE"
"id53_id50_0005.mp4","FAKE"
"id53_id49_0008.mp4","FAKE"
"id52_id58_0008.mp4","FAKE"
"id52_id58_0001.mp4","FAKE"
"id52_id58_0000.mp4","FAKE"
"id52_id57_0009.mp4","FAKE"
"id52_id57_0006.mp4","FAKE"
"id52_id55_0002.mp4","FAKE"
"id52_id53_0002.mp4","FAKE"
"id52_id49_0008.mp4","FAKE"
"id52_id49_0006.mp4","FAKE"
"id52_id49_0001.mp4","FAKE"
"id51_id58_0004.mp4","FAKE"
"id51_id57_0002.mp4","FAKE"
"id51_id55_0002.mp4","FAKE"
"id51_id55_0001.mp4","FAKE"
"id51_id54_0009.mp4","FAKE"
"id51_id54_0004.mp4","FAKE"
"id51_id53_0006.mp4","FAKE"
"id51_id50_0002.mp4","FAKE"
"id51_id49_0008.mp4","FAKE"
"id51_id49_0002.mp4","FAKE"
"id50_id57_0007.mp4","FAKE"
"id50_id57_0006.mp4","FAKE"
"id50_id57_0004.mp4","FAKE"
"id50_id56_0000.mp4","FAKE"
"id50_id55_0002.mp4","FAKE"
"id50_id55_0000.mp4","FAKE"
"id50_id53_0000.mp4","FAKE"
"id50_id52_0009.mp4","FAKE"
"id50_id51_0005.mp4","FAKE"
"id50_id49_0005.mp4","FAKE"
"id49_id55_0005.mp4","FAKE"
"id49_id55_0002.mp4","FAKE"
"id49_id54_0005.mp4","FAKE"
"id49_id53_0006.mp4","FAKE"
"id49_id53_0004.mp4","FAKE"
"id49_id52_0008.mp4","FAKE"
"id49_id52_0003.mp4","FAKE"
"id49_id52_0002.mp4","FAKE"
"id49_id51_0000.mp4","FAKE"
"id49_id50_0007.mp4","FAKE"
"id48_id47_0007.mp4","FAKE"
"id48_id47_0002.mp4","FAKE"
"id48_id45_0008.mp4","FAKE"
"id48_id45_0005.mp4","FAKE"
"id48_id43_0003.mp4","FAKE"
"id48_id42_0000.mp4","FAKE"
"id48_id41_0009.mp4","FAKE"
"id48_id39_0007.mp4","FAKE"
"id48_id39_0003.mp4","FAKE"
"id48_id39_0001.mp4","FAKE"
"id47_id45_0008.mp4","FAKE"
"id47_id45_0004.mp4","FAKE"
"id47_id45_0002.mp4","FAKE"
"id47_id45_0001.mp4","FAKE"
"id47_id44_0007.mp4","FAKE"
"id47_id43_0002.mp4","FAKE"
"id47_id42_0008.mp4","FAKE"
"id47_id41_0001.mp4","FAKE"
"id47_id40_0004.mp4","FAKE"
"id47_id39_0004.mp4","FAKE"
"id46_id48_0003.mp4","FAKE"
"id46_id47_0009.mp4","FAKE"
"id46_id47_0004.mp4","FAKE"
"id46_id47_0003.mp4","FAKE"
"id46_id45_0005.mp4","FAKE"
"id46_id44_0000.mp4","FAKE"
"id46_id42_0009.mp4","FAKE"
"id46_id42_0007.mp4","FAKE"
"id46_id41_0009.mp4","FAKE"
"id46_id41_0000.mp4","FAKE"
"id45_id48_0002.mp4","FAKE"
"id45_id47_0008.mp4","FAKE"
"id45_id46_0000.mp4","FAKE"
"id45_id44_0008.mp4","FAKE"
"id45_id44_0000.mp4","FAKE"
"id45_id43_0001.mp4","FAKE"
"id45_id42_0005.mp4","FAKE"
"id45_id41_0005.mp4","FAKE"
"id45_id41_0002.mp4","FAKE"
"id45_id39_0001.mp4","FAKE"
"id44_id48_0002.mp4","FAKE"
"id44_id48_0001.mp4","FAKE"
"id44_id47_0005.mp4","FAKE"
"id44_id47_0001.mp4","FAKE"
"id44_id47_0000.mp4","FAKE"
"id44_id45_0001.mp4","FAKE"
"id44_id42_0005.mp4","FAKE"
"id44_id42_0004.mp4","FAKE"
"id44_id41_0000.mp4","FAKE"
"id44_id39_0001.mp4","FAKE"
"id43_id48_0004.mp4","FAKE"
"id43_id48_0000.mp4","FAKE"
"id43_id45_0002.mp4","FAKE"
"id43_id44_0009.mp4","FAKE"
"id43_id44_0008.mp4","FAKE"
"id43_id44_0001.mp4","FAKE"
"id43_id41_0007.mp4","FAKE"
"id43_id41_0005.mp4","FAKE"
"id43_id40_0009.mp4","FAKE"
"id43_id39_0005.mp4","FAKE"
"id42_id48_0002.mp4","FAKE"
"id42_id48_0000.mp4","FAKE"
"id42_id47_0003.mp4","FAKE"
"id42_id47_0002.mp4","FAKE"
"id42_id46_0000.mp4","FAKE"
"id42_id45_0001.mp4","FAKE"
"id42_id41_0001.mp4","FAKE"
"id42_id40_0003.mp4","FAKE"
"id42_id40_0001.mp4","FAKE"
"id42_id39_0003.mp4","FAKE"
"id41_id47_0003.mp4","FAKE"
"id41_id46_0004.mp4","FAKE"
"id41_id46_0003.mp4","FAKE"
"id41_id46_0002.mp4","FAKE"
"id41_id45_0009.mp4","FAKE"
"id41_id45_0000.mp4","FAKE"
"id41_id44_0002.mp4","FAKE"
"id41_id42_0007.mp4","FAKE"
"id41_id42_0002.mp4","FAKE"
"id41_id40_0008.mp4","FAKE"
"id40_id47_0008.mp4","FAKE"
"id40_id47_0002.mp4","FAKE"
"id40_id47_0000.mp4","FAKE"
"id40_id46_0001.mp4","FAKE"
"id40_id45_0008.mp4","FAKE"
"id40_id45_0003.mp4","FAKE"
"id40_id45_0001.mp4","FAKE"
"id40_id44_0000.mp4","FAKE"
"id40_id43_0001.mp4","FAKE"
"id40_id42_0002.mp4","FAKE"
"id39_id47_0005.mp4","FAKE"
"id39_id47_0000.mp4","FAKE"
"id39_id46_0006.mp4","FAKE"
"id39_id46_0004.mp4","FAKE"
"id39_id45_0004.mp4","FAKE"
"id39_id44_0003.mp4","FAKE"
"id39_id43_0008.mp4","FAKE"
"id39_id43_0003.mp4","FAKE"
"id39_id42_0007.mp4","FAKE"
"id39_id42_0002.mp4","FAKE"
"id38_id37_0007.mp4","FAKE"
"id38_id35_0005.mp4","FAKE"
"id38_id34_0008.mp4","FAKE"
"id38_id32_0005.mp4","FAKE"
"id38_id29_0009.mp4","FAKE"
"id38_id29_0001.mp4","FAKE"
"id38_id29_0000.mp4","FAKE"
"id38_id28_0002.mp4","FAKE"
"id38_id26_0007.mp4","FAKE"
"id38_id20_0002.mp4","FAKE"
"id37_id38_0001.mp4","FAKE"
"id37_id35_0000.mp4","FAKE"
"id37_id34_0006.mp4","FAKE"
"id37_id34_0001.mp4","FAKE"
"id37_id29_0006.mp4","FAKE"
"id37_id28_0008.mp4","FAKE"
"id37_id17_0003.mp4","FAKE"
"id37_id17_0001.mp4","FAKE"
"id37_id9_0008.mp4","FAKE"
"id37_id3_0004.mp4","FAKE"
"id35_id26_0007.mp4","FAKE"
"id35_id23_0003.mp4","FAKE"
"id35_id23_0000.mp4","FAKE"
"id35_id20_0003.mp4","FAKE"
"id35_id16_0001.mp4","FAKE"
"id35_id9_0006.mp4","FAKE"
"id35_id9_0000.mp4","FAKE"
"id35_id6_0007.mp4","FAKE"
"id35_id6_0000.mp4","FAKE"
"id35_id3_0003.mp4","FAKE"
"id34_id38_0009.mp4","FAKE"
"id34_id37_0002.mp4","FAKE"
"id34_id33_0003.mp4","FAKE"
"id34_id32_0007.mp4","FAKE"
"id34_id32_0002.mp4","FAKE"
"id34_id31_0005.mp4","FAKE"
"id34_id29_0005.mp4","FAKE"
"id34_id29_0002.mp4","FAKE"
"id34_id28_0008.mp4","FAKE"
"id34_id20_0003.mp4","FAKE"
"id33_id37_0009.mp4","FAKE"
"id33_id34_0007.mp4","FAKE"
"id33_id34_0002.mp4","FAKE"
"id33_id34_0001.mp4","FAKE"
"id33_id32_0004.mp4","FAKE"
"id33_id31_0008.mp4","FAKE"
"id33_id30_0009.mp4","FAKE"
"id33_id30_0008.mp4","FAKE"
"id33_id23_0008.mp4","FAKE"
"id33_id23_0004.mp4","FAKE"
"id32_id37_0005.mp4","FAKE"
"id32_id35_0006.mp4","FAKE"
"id32_id35_0000.mp4","FAKE"
"id32_id34_0006.mp4","FAKE"
"id32_id33_0005.mp4","FAKE"
"id32_id33_0004.mp4","FAKE"
"id32_id31_0006.mp4","FAKE"
"id32_id30_0006.mp4","FAKE"
"id32_id23_0006.mp4","FAKE"
"id32_id21_0008.mp4","FAKE"
"id31_id38_0009.mp4","FAKE"
"id31_id38_0006.mp4","FAKE"
"id31_id38_0001.mp4","FAKE"
"id31_id34_0005.mp4","FAKE"
"id31_id32_0006.mp4","FAKE"
"id31_id21_0006.mp4","FAKE"
"id31_id9_0002.mp4","FAKE"
"id31_id2_0001.mp4","FAKE"
"id31_id1_0006.mp4","FAKE"
"id31_id1_0002.mp4","FAKE"
"id30_id35_0002.mp4","FAKE"
"id30_id32_0004.mp4","FAKE"
"id30_id31_0004.mp4","FAKE"
"id30_id29_0008.mp4","FAKE"
"id30_id28_0009.mp4","FAKE"
"id30_id21_0008.mp4","FAKE"
"id30_id21_0005.mp4","FAKE"
"id30_id20_0005.mp4","FAKE"
"id30_id17_0004.mp4","FAKE"
"id30_id16_0008.mp4","FAKE"
"id29_id38_0004.mp4","FAKE"
"id29_id37_0005.mp4","FAKE"
"id29_id37_0004.mp4","FAKE"
"id29_id35_0006.mp4","FAKE"
"id29_id34_0005.mp4","FAKE"
"id29_id31_0003.mp4","FAKE"
"id29_id30_0005.mp4","FAKE"
"id29_id28_0007.mp4","FAKE"
"id29_id26_0009.mp4","FAKE"
"id29_id21_0009.mp4","FAKE"
"id28_id38_0009.mp4","FAKE"
"id28_id38_0003.mp4","FAKE"
"id28_id35_0001.mp4","FAKE"
"id28_id30_0009.mp4","FAKE"
"id28_id26_0007.mp4","FAKE"
"id28_id26_0003.mp4","FAKE"
"id28_id24_0003.mp4","FAKE"
"id28_id9_0003.mp4","FAKE"
"id28_id9_0000.mp4","FAKE"
"id28_id0_0004.mp4","FAKE"
"id27_id28_0007.mp4","FAKE"
"id27_id28_0006.mp4","FAKE"
"id27_id26_0003.mp4","FAKE"
"id27_id25_0001.mp4","FAKE"
"id27_id25_0000.mp4","FAKE"
"id27_id23_0004.mp4","FAKE"
"id27_id21_0008.mp4","FAKE"
"id27_id21_0004.mp4","FAKE"
"id27_id20_0007.mp4","FAKE"
"id27_id20_0000.mp4","FAKE"
"id26_id37_0009.mp4","FAKE"
"id26_id37_0001.mp4","FAKE"
"id26_id30_0006.mp4","FAKE"
"id26_id29_0009.mp4","FAKE"
"id26_id28_0005.mp4","FAKE"
"id26_id27_0001.mp4","FAKE"
"id26_id24_0001.mp4","FAKE"
"id26_id22_0009.mp4","FAKE"
"id26_id6_0004.mp4","FAKE"
"id26_id1_0006.mp4","FAKE"
"id25_id28_0005.mp4","FAKE"
"id25_id27_0010.mp4","FAKE"
"id25_id27_0008.mp4","FAKE"
"id25_id27_0005.mp4","FAKE"
"id25_id26_0000.mp4","FAKE"
"id25_id23_0008.mp4","FAKE"
"id25_id21_0007.mp4","FAKE"
"id25_id20_0002.mp4","FAKE"
"id25_id19_0008.mp4","FAKE"
"id25_id19_0003.mp4","FAKE"
"id24_id27_0009.mp4","FAKE"
"id24_id27_0000.mp4","FAKE"
"id24_id26_0007.mp4","FAKE"
"id24_id26_0006.mp4","FAKE"
"id24_id26_0003.mp4","FAKE"
"id24_id25_0007.mp4","FAKE"
"id24_id25_0005.mp4","FAKE"
"id24_id23_0007.mp4","FAKE"
"id24_id23_0006.mp4","FAKE"
"id24_id20_0005.mp4","FAKE"
"id23_id31_0006.mp4","FAKE"
"id23_id27_0003.mp4","FAKE"
"id23_id27_0002.mp4","FAKE"
"id23_id26_0009.mp4","FAKE"
"id23_id26_0001.mp4","FAKE"
"id23_id24_0006.mp4","FAKE"
"id23_id22_0000.mp4","FAKE"
"id23_id17_0004.mp4","FAKE"
"id23_id16_0001.mp4","FAKE"
"id23_id6_0001.mp4","FAKE"
"id22_id28_0005.mp4","FAKE"
"id22_id28_0004.mp4","FAKE"
"id22_id26_0004.mp4","FAKE"
"id22_id26_0003.mp4","FAKE"
"id22_id25_0006.mp4","FAKE"
"id22_id24_0006.mp4","FAKE"
"id22_id24_0002.mp4","FAKE"
"id22_id20_0002.mp4","FAKE"
"id22_id19_0005.mp4","FAKE"
"id22_id19_0002.mp4","FAKE"
"id21_id31_0006.mp4","FAKE"
"id21_id30_0008.mp4","FAKE"
"id21_id29_0001.mp4","FAKE"
"id21_id26_0009.mp4","FAKE"
"id21_id24_0009.mp4","FAKE"
"id21_id23_0001.mp4","FAKE"
"id21_id20_0001.mp4","FAKE"
"id21_id9_0005.mp4","FAKE"
"id21_id2_0009.mp4","FAKE"
"id21_id1_0009.mp4","FAKE"
"id20_id35_0007.mp4","FAKE"
"id20_id34_0003.mp4","FAKE"
"id20_id29_0005.mp4","FAKE"
"id20_id29_0003.mp4","FAKE"
"id20_id27_0009.mp4","FAKE"
"id20_id27_0008.mp4","FAKE"
"id20_id23_0007.mp4","FAKE"
"id20_id19_0006.mp4","FAKE"
"id20_id19_0005.mp4","FAKE"
"id20_id9_0005.mp4","FAKE"
"id19_id27_0006.mp4","FAKE"
"id19_id26_0002.mp4","FAKE"
"id19_id26_0001.mp4","FAKE"
"id19_id25_0009.mp4","FAKE"
"id19_id25_0004.mp4","FAKE"
"id19_id23_0007.mp4","FAKE"
"id19_id23_0005.mp4","FAKE"
"id19_id22_0009.mp4","FAKE"
"id19_id21_0007.mp4","FAKE"
"id19_id20_0001.mp4","FAKE"
"id17_id37_0002.mp4","FAKE"
"id17_id28_0000.mp4","FAKE"
"id17_id23_0002.mp4","FAKE"
"id17_id16_0004.mp4","FAKE"
"id17_id9_0009.mp4","FAKE"
"id17_id3_0006.mp4","FAKE"
"id17_id3_0005.mp4","FAKE"
"id17_id2_0004.mp4","FAKE"
"id17_id1_0002.mp4","FAKE"
"id17_id0_0001.mp4","FAKE"
"id16_id35_0008.mp4","FAKE"
"id16_id31_0010.mp4","FAKE"
"id16_id31_0003.mp4","FAKE"
"id16_id30_0001.mp4","FAKE"
"id16_id28_0006.mp4","FAKE"
"id16_id21_0002.mp4","FAKE"
"id16_id20_0011.mp4","FAKE"
"id16_id17_0004.mp4","FAKE"
"id16_id6_0001.mp4","FAKE"
"id16_id1_0013.mp4","FAKE"
"id13_id10_0014.mp4","FAKE"
"id13_id10_0012.mp4","FAKE"
"id13_id10_0011.mp4","FAKE"
"id13_id10_0007.mp4","FAKE"
"id13_id10_0004.mp4","FAKE"
"id13_id10_0000.mp4","FAKE"
"id13_id7_0011.mp4","FAKE"
"id13_id7_0004.mp4","FAKE"
"id13_id7_0002.mp4","FAKE"
"id13_id7_0001.mp4","FAKE"
"id12_id10_0006.mp4","FAKE"
"id12_id10_0005.mp4","FAKE"
"id12_id10_0004.mp4","FAKE"
"id12_id10_0001.mp4","FAKE"
"id12_id7_0006.mp4","FAKE"
"id12_id7_0005.mp4","FAKE"
"id12_id7_0004.mp4","FAKE"
"id12_id7_0002.mp4","FAKE"
"id12_id7_0001.mp4","FAKE"
"id12_id7_0000.mp4","FAKE"
"id11_id7_0010.mp4","FAKE"
"id11_id7_0009.mp4","FAKE"
"id11_id7_0008.mp4","FAKE"
"id11_id7_0007.mp4","FAKE"
"id11_id7_0006.mp4","FAKE"
"id11_id7_0005.mp4","FAKE"
"id11_id7_0004.mp4","FAKE"
"id11_id7_0003.mp4","FAKE"
"id11_id7_0002.mp4","FAKE"
"id11_id7_0001.mp4","FAKE"
"id10_id13_0008.mp4","FAKE"
"id10_id13_0002.mp4","FAKE"
"id10_id12_0006.mp4","FAKE"
"id10_id12_0005.mp4","FAKE"
"id10_id12_0002.mp4","FAKE"
"id10_id11_0007.mp4","FAKE"
"id10_id11_0006.mp4","FAKE"
"id10_id11_0005.mp4","FAKE"
"id10_id11_0004.mp4","FAKE"
"id10_id7_0004.mp4","FAKE"
"id9_id37_0006.mp4","FAKE"
"id9_id35_0005.mp4","FAKE"
"id9_id31_0006.mp4","FAKE"
"id9_id31_0003.mp4","FAKE"
"id9_id26_0000.mp4","FAKE"
"id9_id21_0006.mp4","FAKE"
"id9_id20_0004.mp4","FAKE"
"id9_id16_0009.mp4","FAKE"
"id9_id4_0005.mp4","FAKE"
"id9_id0_0007.mp4","FAKE"
"id8_id9_0007.mp4","FAKE"
"id8_id9_0003.mp4","FAKE"
"id8_id6_0007.mp4","FAKE"
"id8_id5_0008.mp4","FAKE"
"id8_id4_0007.mp4","FAKE"
"id8_id3_0007.mp4","FAKE"
"id8_id3_0002.mp4","FAKE"
"id8_id2_0008.mp4","FAKE"
"id8_id2_0003.mp4","FAKE"
"id8_id1_0002.mp4","FAKE"
"id7_id13_0007.mp4","FAKE"
"id7_id13_0006.mp4","FAKE"
"id7_id13_0000.mp4","FAKE"
"id7_id12_0002.mp4","FAKE"
"id7_id11_0004.mp4","FAKE"
"id7_id11_0002.mp4","FAKE"
"id7_id11_0000.mp4","FAKE"
"id7_id10_0009.mp4","FAKE"
"id7_id10_0004.mp4","FAKE"
"id7_id10_0001.mp4","FAKE"
"id6_id37_0009.mp4","FAKE"
"id6_id37_0004.mp4","FAKE"
"id6_id30_0001.mp4","FAKE"
"id6_id28_0004.mp4","FAKE"
"id6_id26_0005.mp4","FAKE"
"id6_id23_0000.mp4","FAKE"
"id6_id9_0001.mp4","FAKE"
"id6_id3_0000.mp4","FAKE"
"id6_id2_0002.mp4","FAKE"
"id6_id1_0001.mp4","FAKE"
"id5_id61_0008.mp4","FAKE"
"id5_id61_0007.mp4","FAKE"
"id5_id61_0004.mp4","FAKE"
"id5_id61_0003.mp4","FAKE"
"id5_id61_0000.mp4","FAKE"
"id5_id60_0004.mp4","FAKE"
"id5_id60_0003.mp4","FAKE"
"id5_id60_0001.mp4","FAKE"
"id5_id59_0007.mp4","FAKE"
"id5_id59_0004.mp4","FAKE"
"id4_id31_0005.mp4","FAKE"
"id4_id30_0009.mp4","FAKE"
"id4_id30_0007.mp4","FAKE"
"id4_id28_0009.mp4","FAKE"
"id4_id26_0008.mp4","FAKE"
"id4_id23_0006.mp4","FAKE"
"id4_id20_0007.mp4","FAKE"
"id4_id20_0003.mp4","FAKE"
"id4_id9_0003.mp4","FAKE"
"id4_id1_0005.mp4","FAKE"
"id3_id37_0001.mp4","FAKE"
"id3_id35_0009.mp4","FAKE"
"id3_id31_0007.mp4","FAKE"
"id3_id28_0001.mp4","FAKE"
"id3_id23_0007.mp4","FAKE"
"id3_id20_0003.mp4","FAKE"
"id3_id17_0000.mp4","FAKE"
"id3_id9_0001.mp4","FAKE"
"id3_id6_0006.mp4","FAKE"
"id3_id2_0004.mp4","FAKE"
"id2_id37_0007.mp4","FAKE"
"id2_id35_0009.mp4","FAKE"
"id2_id35_0005.mp4","FAKE"
"id2_id23_0006.mp4","FAKE"
"id2_id23_0000.mp4","FAKE"
"id2_id21_0007.mp4","FAKE"
"id2_id17_0003.mp4","FAKE"
"id2_id16_0008.mp4","FAKE"
"id2_id6_0002.mp4","FAKE"
"id2_id1_0003.mp4","FAKE"
"id1_id37_0002.mp4","FAKE"
"id1_id30_0005.mp4","FAKE"
"id1_id28_0007.mp4","FAKE"
"id1_id26_0005.mp4","FAKE"
"id1_id20_0009.mp4","FAKE"
"id1_id20_0004.mp4","FAKE"
"id1_id17_0002.mp4","FAKE"
"id1_id16_0003.mp4","FAKE"
"id1_id9_0007.mp4","FAKE"
"id1_id2_0001.mp4","FAKE"
"id0_id28_0002.mp4","FAKE"
"id0_id20_0006.mp4","FAKE"
